Date,Phase,Time
1/24/2020,New Moon,15:44
2/1/2020,First Quarter,19:43
2/9/2020,Full Moon,01:34
2/15/2020,Last Quarter,16:19
2/23/2020,New Moon,09:33
3/2/2020,First Quarter,13:58
3/9/2020,Full Moon,12:48
3/16/2020,Last Quarter,04:35
3/24/2020,New Moon,04:29
4/1/2020,First Quarter,05:21
4/7/2020,Full Moon,21:35
4/14/2020,Last Quarter,17:56
4/22/2020,New Moon,21:27
4/30/2020,First Quarter,15:38
5/7/2020,Full Moon,05:45
5/14/2020,Last Quarter,09:03
5/22/2020,New Moon,12:39
5/29/2020,First Quarter,22:30
6/5/2020,Full Moon,14:12
6/13/2020,Last Quarter,01:24
6/21/2020,New Moon,01:42
6/28/2020,First Quarter,03:16
7/4/2020,Full Moon,23:44
7/12/2020,Last Quarter,18:31
7/20/2020,New Moon,12:33
7/27/2020,First Quarter,07:33
8/3/2020,Full Moon,10:59
8/11/2020,Last Quarter,11:47
8/18/2020,New Moon,21:42
8/25/2020,First Quarter,12:59
9/2/2020,Full Moon,00:23
9/10/2020,Last Quarter,04:28
9/17/2020,New Moon,06:00
9/23/2020,First Quarter,20:56
10/1/2020,Full Moon,16:06
10/9/2020,Last Quarter,19:41
10/16/2020,New Moon,14:32
10/23/2020,First Quarter,08:24
10/31/2020,Full Moon,09:51
11/8/2020,Last Quarter,07:47
11/14/2020,New Moon,23:08
11/21/2020,First Quarter,22:45
11/30/2020,Full Moon,03:32
12/7/2020,Last Quarter,18:37
12/14/2020,New Moon,10:18
12/21/2020,First Quarter,17:42
12/29/2020,Full Moon,21:30
1/6/2021,Last Quarter,03:38
1/12/2021,New Moon,23:02
1/20/2021,First Quarter,15:03
1/28/2021,Full Moon,13:18
2/4/2021,Last Quarter,11:38
2/11/2021,New Moon,13:08
2/19/2021,First Quarter,12:49
2/27/2021,Full Moon,02:19
3/5/2021,Last Quarter,19:32
3/13/2021,New Moon,04:23
3/21/2021,First Quarter,09:41
3/28/2021,Full Moon,13:50
4/4/2021,Last Quarter,05:04
4/11/2021,New Moon,21:32
4/20/2021,First Quarter,02:00
4/26/2021,Full Moon,22:33
5/3/2021,Last Quarter,14:51
5/11/2021,New Moon,14:01
5/19/2021,First Quarter,14:13
5/26/2021,Full Moon,06:14
6/2/2021,Last Quarter,02:26
6/10/2021,New Moon,05:54
6/17/2021,First Quarter,22:54
6/24/2021,Full Moon,13:40
7/1/2021,Last Quarter,16:12
7/9/2021,New Moon,20:17
7/17/2021,First Quarter,05:11
7/23/2021,Full Moon,21:37
7/31/2021,Last Quarter,08:18
8/8/2021,New Moon,08:50
8/15/2021,First Quarter,10:21
8/22/2021,Full Moon,07:02
8/30/2021,Last Quarter,02:15
9/6/2021,New Moon,19:52
9/13/2021,First Quarter,15:41
9/20/2021,Full Moon,18:54
9/28/2021,Last Quarter,20:58
10/6/2021,New Moon,06:05
10/12/2021,First Quarter,22:27
10/20/2021,Full Moon,09:57
10/28/2021,Last Quarter,15:06
11/4/2021,New Moon,16:15
11/11/2021,First Quarter,06:48
11/19/2021,Full Moon,02:59
11/27/2021,Last Quarter,06:29
12/4/2021,New Moon,01:44
12/10/2021,First Quarter,19:37
12/18/2021,Full Moon,22:37
12/26/2021,Last Quarter,20:26
1/2/2022,New Moon,12:35
1/9/2022,First Quarter,12:13
1/17/2022,Full Moon,17:51
1/25/2022,Last Quarter,07:42
1/31/2022,New Moon,23:49
2/8/2022,First Quarter,07:51
2/16/2022,Full Moon,10:59
2/23/2022,Last Quarter,16:34
3/2/2022,New Moon,11:38
3/10/2022,First Quarter,04:46
3/18/2022,Full Moon,02:20
3/25/2022,Last Quarter,00:39
4/1/2022,New Moon,01:27
4/9/2022,First Quarter,01:48
4/16/2022,Full Moon,13:57
4/23/2022,Last Quarter,06:58
4/30/2022,New Moon,15:30
5/8/2022,First Quarter,19:22
5/15/2022,Full Moon,23:15
5/22/2022,Last Quarter,13:44
5/30/2022,New Moon,06:32
6/7/2022,First Quarter,09:49
6/14/2022,Full Moon,06:52
6/20/2022,Last Quarter,22:11
6/28/2022,New Moon,21:53
7/6/2022,First Quarter,21:14
7/13/2022,Full Moon,13:38
7/20/2022,Last Quarter,09:19
7/28/2022,New Moon,12:55
8/5/2022,First Quarter,06:07
8/11/2022,Full Moon,20:36
8/18/2022,Last Quarter,23:36
8/27/2022,New Moon,03:16
9/3/2022,First Quarter,13:08
9/10/2022,Full Moon,04:58
9/17/2022,Last Quarter,16:52
9/25/2022,New Moon,16:54
10/2/2022,First Quarter,19:15
10/9/2022,Full Moon,15:54
10/17/2022,Last Quarter,12:16
10/25/2022,New Moon,05:48
11/1/2022,First Quarter,01:38
11/8/2022,Full Moon,05:02
11/16/2022,Last Quarter,07:29
11/23/2022,New Moon,16:57
11/30/2022,First Quarter,08:38
12/7/2022,Full Moon,22:09
12/16/2022,Last Quarter,02:59
12/23/2022,New Moon,04:17
12/29/2022,First Quarter,19:22
1/6/2023,Full Moon,17:09
1/14/2023,Last Quarter,20:13
1/21/2023,New Moon,14:55
1/28/2023,First Quarter,09:20
2/5/2023,Full Moon,12:30
2/13/2023,Last Quarter,10:03
2/20/2023,New Moon,01:09
2/27/2023,First Quarter,02:06
3/7/2023,Full Moon,06:42
3/14/2023,Last Quarter,21:10
3/21/2023,New Moon,12:26
3/28/2023,First Quarter,21:33
4/5/2023,Full Moon,23:37
4/13/2023,Last Quarter,04:12
4/19/2023,New Moon,23:15
4/27/2023,First Quarter,16:21
5/5/2023,Full Moon,12:36
5/12/2023,Last Quarter,09:29
5/19/2023,New Moon,10:55
5/27/2023,First Quarter,10:23
6/3/2023,Full Moon,22:43
6/10/2023,Last Quarter,14:32
6/17/2023,New Moon,23:39
6/26/2023,First Quarter,02:51
7/3/2023,Full Moon,06:40
7/9/2023,Last Quarter,20:49
7/17/2023,New Moon,13:33
7/25/2023,First Quarter,17:08
8/1/2023,Full Moon,13:33
8/8/2023,Last Quarter,05:29
8/16/2023,New Moon,04:38
8/24/2023,First Quarter,04:58
8/30/2023,Full Moon,20:37
9/6/2023,Last Quarter,17:22
9/14/2023,New Moon,20:40
9/22/2023,First Quarter,14:32
9/29/2023,Full Moon,04:58
10/6/2023,Last Quarter,08:49
10/14/2023,New Moon,12:55
10/21/2023,First Quarter,22:30
10/28/2023,Full Moon,15:24
11/5/2023,Last Quarter,02:38
11/13/2023,New Moon,03:27
11/20/2023,First Quarter,04:50
11/27/2023,Full Moon,03:16
12/4/2023,Last Quarter,23:51
12/12/2023,New Moon,17:32
12/19/2023,First Quarter,12:40
12/26/2023,Full Moon,18:33
1/3/2024,Last Quarter,21:32
1/11/2024,New Moon,05:58
1/17/2024,First Quarter,21:53
1/25/2024,Full Moon,11:54
2/2/2024,Last Quarter,17:20
2/9/2024,New Moon,17:00
2/16/2024,First Quarter,09:02
2/24/2024,Full Moon,06:31
3/3/2024,Last Quarter,09:25
3/10/2024,New Moon,04:02
3/16/2024,First Quarter,23:11
3/25/2024,Full Moon,02:01
4/1/2024,Last Quarter,22:15
4/8/2024,New Moon,13:23
4/15/2024,First Quarter,14:14
4/23/2024,Full Moon,18:51
5/1/2024,Last Quarter,06:27
5/7/2024,New Moon,22:24
5/15/2024,First Quarter,06:49
5/23/2024,Full Moon,08:55
5/30/2024,Last Quarter,12:13
6/6/2024,New Moon,07:40
6/14/2024,First Quarter,00:19
6/21/2024,Full Moon,20:10
6/28/2024,Last Quarter,16:55
7/5/2024,New Moon,17:59
7/13/2024,First Quarter,17:49
7/21/2024,Full Moon,05:19
7/27/2024,Last Quarter,21:54
8/4/2024,New Moon,06:14
8/12/2024,First Quarter,10:19
8/19/2024,Full Moon,13:28
8/26/2024,Last Quarter,04:28
9/2/2024,New Moon,20:56
9/11/2024,First Quarter,01:06
9/17/2024,Full Moon,21:36
9/24/2024,Last Quarter,13:52
10/2/2024,New Moon,13:50
10/10/2024,First Quarter,13:56
10/17/2024,Full Moon,06:27
10/24/2024,Last Quarter,03:05
11/1/2024,New Moon,07:48
11/8/2024,First Quarter,23:56
11/15/2024,Full Moon,15:29
11/22/2024,Last Quarter,19:29
12/1/2024,New Moon,00:22
12/8/2024,First Quarter,09:27
12/15/2024,Full Moon,03:02
12/22/2024,Last Quarter,16:19
12/30/2024,New Moon,16:27
1/6/2025,First Quarter,17:57
1/13/2025,Full Moon,16:27
1/21/2025,Last Quarter,14:32
1/29/2025,New Moon,06:37
2/5/2025,First Quarter,02:03
2/12/2025,Full Moon,07:54
2/20/2025,Last Quarter,11:34
2/27/2025,New Moon,18:46
3/6/2025,First Quarter,10:33
3/14/2025,Full Moon,01:55
3/22/2025,Last Quarter,06:32
3/29/2025,New Moon,06:00
4/4/2025,First Quarter,21:16
4/12/2025,Full Moon,19:23
4/20/2025,Last Quarter,20:37
4/27/2025,New Moon,14:33
5/4/2025,First Quarter,08:53
5/12/2025,Full Moon,11:58
5/20/2025,Last Quarter,07:00
5/26/2025,New Moon,22:04
6/2/2025,First Quarter,22:41
6/11/2025,Full Moon,02:46
6/18/2025,Last Quarter,14:20
6/25/2025,New Moon,05:33
7/2/2025,First Quarter,14:30
7/10/2025,Full Moon,15:38
7/17/2025,Last Quarter,19:39
7/24/2025,New Moon,14:12
8/1/2025,First Quarter,07:41
8/9/2025,Full Moon,02:57
8/16/2025,Last Quarter,00:14
8/23/2025,New Moon,01:07
8/31/2025,First Quarter,01:25
9/7/2025,Full Moon,13:10
9/14/2025,Last Quarter,05:35
9/21/2025,New Moon,14:54
9/29/2025,First Quarter,18:54
10/6/2025,Full Moon,22:48
10/13/2025,Last Quarter,13:14
10/21/2025,New Moon,07:25
10/29/2025,First Quarter,11:22
11/5/2025,Full Moon,07:20
11/11/2025,Last Quarter,23:29
11/20/2025,New Moon,00:48
11/28/2025,First Quarter,00:59
12/4/2025,Full Moon,17:15
12/11/2025,Last Quarter,14:52
12/19/2025,New Moon,19:44
12/27/2025,First Quarter,13:10
1/3/2026,Full Moon,04:04
1/10/2026,Last Quarter,09:49
1/18/2026,New Moon,13:53
1/25/2026,First Quarter,22:48
2/1/2026,Full Moon,16:10
2/9/2026,Last Quarter,06:44
2/17/2026,New Moon,06:03
2/24/2026,First Quarter,06:28
3/3/2026,Full Moon,05:39
3/11/2026,Last Quarter,04:41
3/18/2026,New Moon,20:26
3/25/2026,First Quarter,14:19
4/1/2026,Full Moon,21:13
4/9/2026,Last Quarter,23:55
4/17/2026,New Moon,06:54
4/23/2026,First Quarter,21:33
5/1/2026,Full Moon,12:24
5/9/2026,Last Quarter,16:13
5/16/2026,New Moon,15:03
5/23/2026,First Quarter,06:12
5/31/2026,Full Moon,03:46
6/8/2026,Last Quarter,05:03
6/14/2026,New Moon,21:56
6/21/2026,First Quarter,16:55
6/29/2026,Full Moon,18:58
7/7/2026,Last Quarter,14:30
7/14/2026,New Moon,04:45
7/21/2026,First Quarter,06:05
7/29/2026,Full Moon,09:37
8/5/2026,Last Quarter,21:22
8/12/2026,New Moon,12:37
8/19/2026,First Quarter,21:46
8/27/2026,Full Moon,23:19
9/4/2026,Last Quarter,02:52
9/10/2026,New Moon,22:27
9/18/2026,First Quarter,15:44
9/26/2026,Full Moon,11:50
10/3/2026,Last Quarter,08:26
10/10/2026,New Moon,10:50
10/18/2026,First Quarter,11:13
10/25/2026,Full Moon,23:13
11/1/2026,Last Quarter,14:30
11/9/2026,New Moon,01:02
11/17/2026,First Quarter,05:48
11/24/2026,Full Moon,08:55
12/1/2026,Last Quarter,00:10
12/8/2026,New Moon,18:52
12/16/2026,First Quarter,23:43
12/23/2026,Full Moon,19:29
12/30/2026,Last Quarter,13:00
1/7/2027,New Moon,14:25
1/15/2027,First Quarter,14:34
1/22/2027,Full Moon,06:18
1/29/2027,Last Quarter,04:56
2/6/2027,New Moon,09:57
2/14/2027,First Quarter,01:58
2/20/2027,Full Moon,17:24
2/27/2027,Last Quarter,23:18
3/8/2027,New Moon,03:31
3/15/2027,First Quarter,11:25
3/22/2027,Full Moon,05:44
3/29/2027,Last Quarter,19:56
4/6/2027,New Moon,18:53
4/13/2027,First Quarter,17:57
4/20/2027,Full Moon,17:27
4/28/2027,Last Quarter,15:20
5/6/2027,New Moon,06:00
5/12/2027,First Quarter,23:44
5/20/2027,Full Moon,05:59
5/28/2027,Last Quarter,08:59
6/4/2027,New Moon,14:41
6/11/2027,First Quarter,05:57
6/18/2027,Full Moon,19:45
6/26/2027,Last Quarter,23:56
7/3/2027,New Moon,22:03
7/10/2027,First Quarter,13:40
7/18/2027,Full Moon,10:46
7/26/2027,Last Quarter,11:56
8/2/2027,New Moon,05:06
8/8/2027,First Quarter,23:55
8/17/2027,Full Moon,02:30
8/24/2027,Last Quarter,21:28
8/31/2027,New Moon,12:42
9/7/2027,First Quarter,13:31
9/15/2027,Full Moon,18:05
9/23/2027,Last Quarter,05:21
9/29/2027,New Moon,21:36
10/7/2027,First Quarter,06:47
10/15/2027,Full Moon,08:48
10/22/2027,Last Quarter,12:30
10/29/2027,New Moon,08:36
11/6/2027,First Quarter,02:59
11/13/2027,Full Moon,21:27
11/20/2027,Last Quarter,18:50
11/27/2027,New Moon,21:25
12/5/2027,First Quarter,23:22
12/13/2027,Full Moon,10:10
12/20/2027,Last Quarter,03:13
12/27/2027,New Moon,14:13
1/4/2028,First Quarter,19:41
1/11/2028,Full Moon,22:04
1/18/2028,Last Quarter,13:28
1/26/2028,New Moon,09:14
2/3/2028,First Quarter,13:11
2/10/2028,Full Moon,09:04
2/17/2028,Last Quarter,02:10
2/25/2028,New Moon,04:38
3/4/2028,First Quarter,03:02
3/10/2028,Full Moon,19:06
3/17/2028,Last Quarter,18:24
3/25/2028,New Moon,23:33
4/2/2028,First Quarter,14:15
4/9/2028,Full Moon,05:26
4/16/2028,Last Quarter,11:38
4/24/2028,New Moon,14:49
5/1/2028,First Quarter,21:26
5/8/2028,Full Moon,14:49
5/16/2028,Last Quarter,05:44
5/24/2028,New Moon,03:17
5/31/2028,First Quarter,02:38
6/7/2028,Full Moon,01:09
6/14/2028,Last Quarter,23:29
6/22/2028,New Moon,13:28
6/29/2028,First Quarter,07:12
7/6/2028,Full Moon,13:12
7/14/2028,Last Quarter,15:59
7/21/2028,New Moon,22:02
7/28/2028,First Quarter,12:42
8/5/2028,Full Moon,03:11
8/13/2028,Last Quarter,06:48
8/20/2028,New Moon,05:44
8/26/2028,First Quarter,20:37
9/3/2028,Full Moon,18:49
9/11/2028,Last Quarter,19:48
9/18/2028,New Moon,13:24
9/25/2028,First Quarter,08:10
10/3/2028,Full Moon,11:26
10/11/2028,Last Quarter,06:58
10/17/2028,New Moon,21:57
10/24/2028,First Quarter,23:52
11/2/2028,Full Moon,04:19
11/9/2028,Last Quarter,15:26
11/16/2028,New Moon,07:18
11/23/2028,First Quarter,18:13
12/1/2028,Full Moon,19:41
12/8/2028,Last Quarter,23:39
12/15/2028,New Moon,20:07
12/23/2028,First Quarter,15:44
12/31/2028,Full Moon,10:49
1/7/2029,Last Quarter,07:27
1/14/2029,New Moon,11:26
1/22/2029,First Quarter,13:24
1/30/2029,Full Moon,00:04
2/5/2029,Last Quarter,15:53
2/13/2029,New Moon,04:33
2/21/2029,First Quarter,09:11
2/28/2029,Full Moon,11:11
3/7/2029,Last Quarter,01:53
3/14/2029,New Moon,23:21
3/23/2029,First Quarter,02:34
3/29/2029,Full Moon,21:27
4/5/2029,Last Quarter,14:53
4/13/2029,New Moon,16:42
4/21/2029,First Quarter,14:51
4/28/2029,Full Moon,05:37
5/5/2029,Last Quarter,04:49
5/13/2029,New Moon,08:43
5/20/2029,First Quarter,23:17
5/27/2029,Full Moon,13:38
6/3/2029,Last Quarter,20:20
6/11/2029,New Moon,22:51
6/19/2029,First Quarter,04:55
6/25/2029,Full Moon,22:23
7/3/2029,Last Quarter,12:59
7/11/2029,New Moon,10:52
7/18/2029,First Quarter,09:15
7/25/2029,Full Moon,08:36
8/2/2029,Last Quarter,06:18
8/9/2029,New Moon,20:56
8/16/2029,First Quarter,13:56
8/23/2029,Full Moon,20:52
8/31/2029,Last Quarter,23:36
9/8/2029,New Moon,05:45
9/14/2029,First Quarter,20:30
9/22/2029,Full Moon,11:30
9/30/2029,Last Quarter,15:58
10/7/2029,New Moon,14:15
10/14/2029,First Quarter,06:10
10/22/2029,Full Moon,04:29
10/30/2029,Last Quarter,06:33
11/5/2029,New Moon,22:24
11/12/2029,First Quarter,18:35
11/20/2029,Full Moon,22:04
11/28/2029,Last Quarter,17:48
12/5/2029,New Moon,08:53
12/12/2029,First Quarter,11:49
12/20/2029,Full Moon,16:47
12/28/2029,Last Quarter,03:49
1/3/2030,New Moon,20:51
1/11/2030,First Quarter,08:07
1/19/2030,Full Moon,09:56
1/26/2030,Last Quarter,12:15
2/2/2030,New Moon,10:09
2/10/2030,First Quarter,05:51
2/18/2030,Full Moon,00:22
2/24/2030,Last Quarter,19:59
3/4/2030,New Moon,00:37
3/12/2030,First Quarter,03:49
3/19/2030,Full Moon,12:58
3/26/2030,Last Quarter,04:52
4/2/2030,New Moon,17:04
4/10/2030,First Quarter,21:58
4/17/2030,Full Moon,22:21
4/24/2030,Last Quarter,13:40
5/2/2030,New Moon,09:13
5/10/2030,First Quarter,12:12
5/17/2030,Full Moon,06:20
5/23/2030,Last Quarter,23:58
6/1/2030,New Moon,01:22
6/8/2030,First Quarter,22:35
6/15/2030,Full Moon,13:41
6/22/2030,Last Quarter,12:20
6/30/2030,New Moon,16:35
7/8/2030,First Quarter,06:02
7/14/2030,Full Moon,21:11
7/22/2030,Last Quarter,03:09
7/30/2030,New Moon,06:11
8/6/2030,First Quarter,11:43
8/13/2030,Full Moon,05:44
8/20/2030,Last Quarter,20:16
8/28/2030,New Moon,18:07
9/4/2030,First Quarter,16:56
9/11/2030,Full Moon,16:17
9/19/2030,Last Quarter,14:57
9/27/2030,New Moon,04:54
10/3/2030,First Quarter,22:58
10/11/2030,Full Moon,05:46
10/19/2030,Last Quarter,09:51
10/26/2030,New Moon,15:17
11/2/2030,First Quarter,06:58
11/9/2030,Full Moon,21:31
11/18/2030,Last Quarter,02:33
11/25/2030,New Moon,00:47
12/1/2030,First Quarter,16:58
12/9/2030,Full Moon,16:42
12/17/2030,Last Quarter,18:02
12/24/2030,New Moon,11:33
12/31/2030,First Quarter,07:37
1/8/2031,Full Moon,12:27
1/16/2031,Last Quarter,06:48
1/22/2031,New Moon,22:32
1/30/2031,First Quarter,01:44
2/7/2031,Full Moon,06:48
2/14/2031,Last Quarter,16:51
2/21/2031,New Moon,09:51
2/28/2031,First Quarter,22:02
3/8/2031,Full Moon,22:32
3/16/2031,Last Quarter,01:37
3/22/2031,New Moon,22:52
3/30/2031,First Quarter,19:32
4/7/2031,Full Moon,12:23
4/14/2031,Last Quarter,07:59
4/21/2031,New Moon,11:59
4/29/2031,First Quarter,14:20
5/6/2031,Full Moon,22:42
5/13/2031,Last Quarter,14:08
5/21/2031,New Moon,02:19
5/29/2031,First Quarter,06:20
6/5/2031,Full Moon,07:00
6/11/2031,Last Quarter,21:22
6/19/2031,New Moon,17:26
6/27/2031,First Quarter,19:20
7/4/2031,Full Moon,14:02
7/11/2031,Last Quarter,06:51
7/19/2031,New Moon,08:41
7/27/2031,First Quarter,05:36
8/2/2031,Full Moon,20:46
8/9/2031,Last Quarter,19:24
8/17/2031,New Moon,23:32
8/25/2031,First Quarter,13:41
9/1/2031,Full Moon,04:21
9/8/2031,Last Quarter,11:15
9/16/2031,New Moon,13:47
9/23/2031,First Quarter,20:21
9/30/2031,Full Moon,13:58
10/8/2031,Last Quarter,05:51
10/16/2031,New Moon,03:20
10/23/2031,First Quarter,02:38
10/30/2031,Full Moon,02:33
11/7/2031,Last Quarter,01:04
11/14/2031,New Moon,15:09
11/21/2031,First Quarter,08:46
11/28/2031,Full Moon,17:19
12/6/2031,Last Quarter,21:22
12/14/2031,New Moon,03:05
12/20/2031,First Quarter,18:01
12/28/2031,Full Moon,11:33
1/5/2032,Last Quarter,16:06
1/12/2032,New Moon,14:07
1/19/2032,First Quarter,06:14
1/27/2032,Full Moon,06:53
2/4/2032,Last Quarter,07:50
2/11/2032,New Moon,00:25
2/17/2032,First Quarter,21:28
2/26/2032,Full Moon,01:43
3/4/2032,Last Quarter,19:47
3/11/2032,New Moon,10:26
3/18/2032,First Quarter,15:56
3/26/2032,Full Moon,19:47
4/3/2032,Last Quarter,05:10
4/9/2032,New Moon,21:41
4/17/2032,First Quarter,10:24
4/25/2032,Full Moon,10:11
5/2/2032,Last Quarter,11:02
5/9/2032,New Moon,08:38
5/17/2032,First Quarter,04:44
5/24/2032,Full Moon,21:39
5/31/2032,Last Quarter,15:52
6/7/2032,New Moon,20:34
6/15/2032,First Quarter,22:01
6/23/2032,Full Moon,06:34
6/29/2032,Last Quarter,21:13
7/7/2032,New Moon,09:43
7/15/2032,First Quarter,13:34
7/22/2032,Full Moon,13:53
7/29/2032,Last Quarter,04:27
8/6/2032,New Moon,00:13
8/14/2032,First Quarter,02:52
8/20/2032,Full Moon,20:49
8/27/2032,Last Quarter,14:35
9/4/2032,New Moon,15:57
9/12/2032,First Quarter,13:50
9/19/2032,Full Moon,04:31
9/26/2032,Last Quarter,04:14
10/4/2032,New Moon,08:27
10/11/2032,First Quarter,22:48
10/18/2032,Full Moon,13:59
10/25/2032,Last Quarter,21:30
11/3/2032,New Moon,00:45
11/10/2032,First Quarter,05:34
11/17/2032,Full Moon,00:42
11/24/2032,Last Quarter,16:50
12/2/2032,New Moon,14:53
12/9/2032,First Quarter,13:09
12/16/2032,Full Moon,14:49
12/24/2032,Last Quarter,14:42
1/1/2033,New Moon,04:17
1/7/2033,First Quarter,21:35
1/15/2033,Full Moon,07:07
1/23/2033,Last Quarter,11:48
1/30/2033,New Moon,16:00
2/6/2033,First Quarter,07:35
2/14/2033,Full Moon,01:04
2/22/2033,Last Quarter,05:54
3/1/2033,New Moon,02:25
3/7/2033,First Quarter,19:27
3/15/2033,Full Moon,20:37
3/23/2033,Last Quarter,20:50
3/30/2033,New Moon,12:53
4/6/2033,First Quarter,10:14
4/14/2033,Full Moon,14:18
4/22/2033,Last Quarter,06:42
4/28/2033,New Moon,21:48
5/6/2033,First Quarter,01:46
5/14/2033,Full Moon,05:44
5/21/2033,Last Quarter,13:29
5/28/2033,New Moon,06:38
6/4/2033,First Quarter,18:40
6/12/2033,Full Moon,18:21
6/19/2033,Last Quarter,18:30
6/26/2033,New Moon,16:08
7/4/2033,First Quarter,12:13
7/12/2033,Full Moon,04:31
7/18/2033,Last Quarter,23:09
7/26/2033,New Moon,03:13
8/3/2033,First Quarter,05:26
8/10/2033,Full Moon,13:10
8/17/2033,Last Quarter,04:45
8/24/2033,New Moon,16:40
9/1/2033,First Quarter,21:24
9/8/2033,Full Moon,21:22
9/15/2033,Last Quarter,12:36
9/23/2033,New Moon,08:40
10/1/2033,First Quarter,11:33
10/8/2033,Full Moon,05:59
10/14/2033,Last Quarter,23:49
10/23/2033,New Moon,02:29
10/30/2033,First Quarter,23:47
11/6/2033,Full Moon,14:33
11/13/2033,Last Quarter,14:10
11/21/2033,New Moon,19:40
11/29/2033,First Quarter,09:16
12/6/2033,Full Moon,01:23
12/13/2033,Last Quarter,09:30
12/21/2033,New Moon,12:47
12/28/2033,First Quarter,18:21
1/4/2034,Full Moon,13:48
1/12/2034,Last Quarter,07:19
1/20/2034,New Moon,04:03
1/27/2034,First Quarter,02:33
2/3/2034,Full Moon,04:05
2/11/2034,Last Quarter,05:11
2/18/2034,New Moon,17:12
2/25/2034,First Quarter,10:36
3/4/2034,Full Moon,20:11
3/13/2034,Last Quarter,01:47
3/20/2034,New Moon,05:16
3/26/2034,First Quarter,20:20
4/3/2034,Full Moon,14:20
4/11/2034,Last Quarter,17:47
4/18/2034,New Moon,14:27
4/25/2034,First Quarter,06:36
5/3/2034,Full Moon,07:17
5/11/2034,Last Quarter,05:57
5/17/2034,New Moon,22:14
5/24/2034,First Quarter,18:58
6/1/2034,Full Moon,22:55
6/9/2034,Last Quarter,14:45
6/16/2034,New Moon,05:27
6/23/2034,First Quarter,09:35
7/1/2034,Full Moon,12:46
7/8/2034,Last Quarter,21:00
7/15/2034,New Moon,13:16
7/23/2034,First Quarter,02:04
7/31/2034,Full Moon,00:56
8/7/2034,Last Quarter,01:52
8/13/2034,New Moon,22:53
8/21/2034,First Quarter,19:43
8/29/2034,Full Moon,11:51
9/5/2034,Last Quarter,06:43
9/12/2034,New Moon,11:14
9/20/2034,First Quarter,13:40
9/27/2034,Full Moon,21:58
10/4/2034,Last Quarter,13:07
10/12/2034,New Moon,02:33
10/20/2034,First Quarter,07:04
10/27/2034,Full Moon,07:44
11/2/2034,Last Quarter,22:29
11/10/2034,New Moon,19:17
11/18/2034,First Quarter,22:03
11/25/2034,Full Moon,16:33
12/2/2034,Last Quarter,10:48
12/10/2034,New Moon,14:16
12/18/2034,First Quarter,11:46
12/25/2034,Full Moon,02:56
1/1/2035,Last Quarter,04:02
1/9/2035,New Moon,09:04
1/16/2035,First Quarter,22:46
1/23/2035,Full Moon,14:18
1/31/2035,Last Quarter,00:03
2/8/2035,New Moon,02:23
2/15/2035,First Quarter,07:18
2/22/2035,Full Moon,02:55
3/1/2035,Last Quarter,21:03
3/9/2035,New Moon,17:11
3/16/2035,First Quarter,15:16
3/23/2035,Full Moon,17:42
3/31/2035,Last Quarter,18:09
4/8/2035,New Moon,05:59
4/14/2035,First Quarter,21:55
4/22/2035,Full Moon,08:21
4/30/2035,Last Quarter,11:56
5/7/2035,New Moon,15:05
5/14/2035,First Quarter,05:28
5/21/2035,Full Moon,23:26
5/30/2035,Last Quarter,02:32
6/5/2035,New Moon,22:21
6/12/2035,First Quarter,14:50
6/20/2035,Full Moon,14:38
6/28/2035,Last Quarter,13:44
7/5/2035,New Moon,05:00
7/12/2035,First Quarter,02:32
7/20/2035,Full Moon,05:38
7/27/2035,Last Quarter,21:57
8/3/2035,New Moon,12:12
8/10/2035,First Quarter,16:52
8/18/2035,Full Moon,20:01
8/26/2035,Last Quarter,04:09
9/1/2035,New Moon,21:00
9/9/2035,First Quarter,09:48
9/17/2035,Full Moon,09:25
9/24/2035,Last Quarter,09:41
10/1/2035,New Moon,08:07
10/9/2035,First Quarter,04:51
10/16/2035,Full Moon,21:37
10/23/2035,Last Quarter,15:59
10/30/2035,New Moon,21:59
11/7/2035,First Quarter,23:52
11/15/2035,Full Moon,07:51
11/21/2035,Last Quarter,23:18
11/29/2035,New Moon,13:39
12/7/2035,First Quarter,19:06
12/14/2035,Full Moon,18:35
12/21/2035,Last Quarter,10:30
12/29/2035,New Moon,08:32
1/6/2036,First Quarter,11:49
1/13/2036,Full Moon,05:18
1/20/2036,Last Quarter,00:48
1/28/2036,New Moon,04:19
2/5/2036,First Quarter,01:01
2/11/2036,Full Moon,16:10
2/18/2036,Last Quarter,17:49
2/26/2036,New Moon,23:01
3/5/2036,First Quarter,10:49
3/12/2036,Full Moon,04:10
3/19/2036,Last Quarter,13:42
3/27/2036,New Moon,15:59
4/3/2036,First Quarter,19:04
4/10/2036,Full Moon,15:23
4/18/2036,Last Quarter,09:09
4/26/2036,New Moon,04:35
5/3/2036,First Quarter,00:55
5/10/2036,Full Moon,03:10
5/18/2036,Last Quarter,03:42
5/25/2036,New Moon,14:18
6/1/2036,First Quarter,06:35
6/8/2036,Full Moon,16:03
6/16/2036,Last Quarter,20:05
6/23/2036,New Moon,22:11
6/30/2036,First Quarter,13:14
7/8/2036,Full Moon,06:20
7/16/2036,Last Quarter,09:41
7/23/2036,New Moon,05:18
7/29/2036,First Quarter,21:58
8/6/2036,Full Moon,21:50
8/14/2036,Last Quarter,20:37
8/21/2036,New Moon,12:36
8/28/2036,First Quarter,09:44
9/5/2036,Full Moon,13:47
9/13/2036,Last Quarter,05:30
9/19/2036,New Moon,20:52
9/27/2036,First Quarter,01:13
10/5/2036,Full Moon,05:17
10/12/2036,Last Quarter,13:11
10/19/2036,New Moon,06:50
10/26/2036,First Quarter,20:14
11/3/2036,Full Moon,18:46
11/10/2036,Last Quarter,19:30
11/17/2036,New Moon,18:15
11/25/2036,First Quarter,16:28
12/3/2036,Full Moon,08:10
12/10/2036,Last Quarter,03:20
12/17/2036,New Moon,09:36
12/25/2036,First Quarter,13:45
1/1/2037,Full Moon,20:37
1/8/2037,Last Quarter,12:31
1/16/2037,New Moon,03:36
1/24/2037,First Quarter,08:56
1/31/2037,Full Moon,08:05
2/6/2037,Last Quarter,23:46
2/14/2037,New Moon,22:56
2/23/2037,First Quarter,00:42
3/1/2037,Full Moon,18:29
3/8/2037,Last Quarter,14:28
3/16/2037,New Moon,18:38
3/24/2037,First Quarter,13:40
3/31/2037,Full Moon,04:54
4/7/2037,Last Quarter,06:28
4/15/2037,New Moon,11:10
4/22/2037,First Quarter,22:12
4/29/2037,Full Moon,13:55
5/6/2037,Last Quarter,23:58
5/15/2037,New Moon,00:56
5/22/2037,First Quarter,04:10
5/28/2037,Full Moon,23:25
6/5/2037,Last Quarter,17:51
6/13/2037,New Moon,12:12
6/20/2037,First Quarter,08:47
6/27/2037,Full Moon,10:21
7/5/2037,Last Quarter,11:02
7/12/2037,New Moon,21:33
7/19/2037,First Quarter,13:33
7/26/2037,Full Moon,23:16
8/4/2037,Last Quarter,02:53
8/11/2037,New Moon,05:42
8/17/2037,First Quarter,20:01
8/25/2037,Full Moon,14:11
9/2/2037,Last Quarter,17:05
9/9/2037,New Moon,13:26
9/16/2037,First Quarter,05:37
9/24/2037,Full Moon,06:33
10/2/2037,Last Quarter,05:31
10/8/2037,New Moon,21:35
10/15/2037,First Quarter,19:15
10/23/2037,Full Moon,23:38
10/31/2037,Last Quarter,16:08
11/7/2037,New Moon,06:04
11/14/2037,First Quarter,11:58
11/22/2037,Full Moon,15:37
11/30/2037,Last Quarter,00:08
12/6/2037,New Moon,17:40
12/14/2037,First Quarter,08:42
12/22/2037,Full Moon,07:41
12/29/2037,Last Quarter,08:07
1/5/2038,New Moon,07:44
1/13/2038,First Quarter,06:35
1/20/2038,Full Moon,22:02
1/27/2038,Last Quarter,16:03
2/3/2038,New Moon,23:55
2/12/2038,First Quarter,03:32
2/19/2038,Full Moon,10:11
2/26/2038,Last Quarter,00:58
3/5/2038,New Moon,17:17
3/13/2038,First Quarter,21:43
3/20/2038,Full Moon,21:11
3/27/2038,Last Quarter,12:38
4/4/2038,New Moon,11:45
4/12/2038,First Quarter,13:03
4/19/2038,Full Moon,05:37
4/26/2038,Last Quarter,01:17
5/4/2038,New Moon,04:21
5/11/2038,First Quarter,23:19
5/18/2038,Full Moon,13:24
5/25/2038,Last Quarter,15:44
6/2/2038,New Moon,19:25
6/10/2038,First Quarter,06:12
6/16/2038,Full Moon,21:31
6/24/2038,Last Quarter,07:41
7/2/2038,New Moon,08:32
7/9/2038,First Quarter,11:01
7/16/2038,Full Moon,06:48
7/24/2038,Last Quarter,00:42
7/31/2038,New Moon,19:40
8/7/2038,First Quarter,15:22
8/14/2038,Full Moon,17:57
8/22/2038,Last Quarter,18:14
8/30/2038,New Moon,05:12
9/5/2038,First Quarter,20:51
9/13/2038,Full Moon,07:24
9/21/2038,Last Quarter,11:28
9/28/2038,New Moon,13:57
10/5/2038,First Quarter,04:53
10/12/2038,Full Moon,23:22
10/21/2038,Last Quarter,03:24
10/27/2038,New Moon,22:53
11/3/2038,First Quarter,16:24
11/11/2038,Full Moon,16:29
11/19/2038,Last Quarter,16:11
11/26/2038,New Moon,07:48
12/3/2038,First Quarter,06:47
12/11/2038,Full Moon,11:32
12/19/2038,Last Quarter,03:30
12/25/2038,New Moon,19:04
1/2/2039,First Quarter,01:38
1/10/2039,Full Moon,05:48
1/17/2039,Last Quarter,12:43
1/24/2039,New Moon,07:39
1/31/2039,First Quarter,22:47
2/8/2039,Full Moon,21:42
2/15/2039,Last Quarter,20:38
2/22/2039,New Moon,21:21
3/2/2039,First Quarter,20:17
3/10/2039,Full Moon,10:38
3/17/2039,Last Quarter,05:10
3/24/2039,New Moon,13:02
4/1/2039,First Quarter,16:56
4/8/2039,Full Moon,21:55
4/15/2039,Last Quarter,13:09
4/23/2039,New Moon,04:37
5/1/2039,First Quarter,09:08
5/8/2039,Full Moon,06:22
5/14/2039,Last Quarter,22:19
5/22/2039,New Moon,20:40
5/30/2039,First Quarter,21:25
6/6/2039,Full Moon,13:49
6/13/2039,Last Quarter,09:18
6/21/2039,New Moon,12:22
6/29/2039,First Quarter,06:18
7/5/2039,Full Moon,21:04
7/12/2039,Last Quarter,22:40
7/21/2039,New Moon,02:54
7/28/2039,First Quarter,12:50
8/4/2039,Full Moon,04:57
8/11/2039,Last Quarter,14:38
8/19/2039,New Moon,15:50
8/26/2039,First Quarter,18:17
9/2/2039,Full Moon,14:23
9/10/2039,Last Quarter,08:47
9/18/2039,New Moon,03:23
9/24/2039,First Quarter,23:54
10/2/2039,Full Moon,02:23
10/10/2039,Last Quarter,04:00
10/17/2039,New Moon,14:09
10/24/2039,First Quarter,06:52
10/31/2039,Full Moon,17:36
11/8/2039,Last Quarter,21:47
11/15/2039,New Moon,23:46
11/22/2039,First Quarter,15:18
11/30/2039,Full Moon,10:51
12/8/2039,Last Quarter,14:46
12/15/2039,New Moon,10:33
12/22/2039,First Quarter,04:03
12/30/2039,Full Moon,06:39
1/7/2040,Last Quarter,05:07
1/13/2040,New Moon,21:27
1/20/2040,First Quarter,20:22
1/29/2040,Full Moon,01:56
2/5/2040,Last Quarter,16:34
2/12/2040,New Moon,08:27
2/19/2040,First Quarter,15:34
2/27/2040,Full Moon,19:02
3/6/2040,Last Quarter,01:20
3/12/2040,New Moon,20:49
3/20/2040,First Quarter,12:59
3/28/2040,Full Moon,10:14
4/4/2040,Last Quarter,09:08
4/11/2040,New Moon,09:03
4/19/2040,First Quarter,08:38
4/26/2040,Full Moon,21:40
5/3/2040,Last Quarter,15:02
5/10/2040,New Moon,22:31
5/19/2040,First Quarter,02:02
5/26/2040,Full Moon,06:49
6/1/2040,Last Quarter,21:19
6/9/2040,New Moon,13:06
6/17/2040,First Quarter,16:34
6/24/2040,Full Moon,14:21
7/1/2040,Last Quarter,05:20
7/9/2040,New Moon,04:17
7/17/2040,First Quarter,04:18
7/23/2040,Full Moon,21:07
7/30/2040,Last Quarter,16:08
8/7/2040,New Moon,19:28
8/15/2040,First Quarter,13:38
8/22/2040,Full Moon,04:11
8/29/2040,Last Quarter,06:18
9/6/2040,New Moon,10:14
9/13/2040,First Quarter,21:09
9/20/2040,Full Moon,12:43
9/27/2040,Last Quarter,23:42
10/6/2040,New Moon,00:26
10/13/2040,First Quarter,03:43
10/19/2040,Full Moon,23:50
10/27/2040,Last Quarter,19:28
11/4/2040,New Moon,12:55
11/11/2040,First Quarter,09:25
11/18/2040,Full Moon,13:06
11/26/2040,Last Quarter,15:09
12/4/2040,New Moon,01:33
12/10/2040,First Quarter,17:31
12/18/2040,Full Moon,06:16
12/26/2040,Last Quarter,11:05
1/2/2041,New Moon,13:08
1/9/2041,First Quarter,04:07
1/17/2041,Full Moon,01:12
1/25/2041,Last Quarter,04:35
1/31/2041,New Moon,23:44
2/7/2041,First Quarter,17:41
2/15/2041,Full Moon,20:22
2/23/2041,Last Quarter,18:30
3/2/2041,New Moon,09:42
3/9/2041,First Quarter,09:51
3/17/2041,Full Moon,15:21
3/25/2041,Last Quarter,05:33
3/31/2041,New Moon,20:33
4/8/2041,First Quarter,04:39
4/16/2041,Full Moon,07:03
4/23/2041,Last Quarter,12:25
4/30/2041,New Moon,06:49
5/7/2041,First Quarter,22:55
5/15/2041,Full Moon,19:55
5/22/2041,Last Quarter,17:27
5/29/2041,New Moon,17:59
6/6/2041,First Quarter,16:42
6/14/2041,Full Moon,06:01
6/20/2041,Last Quarter,22:14
6/28/2041,New Moon,06:19
7/6/2041,First Quarter,09:14
7/13/2041,Full Moon,14:03
7/20/2041,Last Quarter,04:15
7/27/2041,New Moon,20:04
8/4/2041,First Quarter,23:54
8/11/2041,Full Moon,21:07
8/18/2041,Last Quarter,12:45
8/26/2041,New Moon,11:17
9/3/2041,First Quarter,12:20
9/10/2041,Full Moon,04:25
9/17/2041,Last Quarter,00:34
9/25/2041,New Moon,03:41
10/2/2041,First Quarter,22:33
10/9/2041,Full Moon,13:03
10/16/2041,Last Quarter,16:06
10/24/2041,New Moon,20:30
11/1/2041,First Quarter,07:05
11/7/2041,Full Moon,22:43
11/15/2041,Last Quarter,10:07
11/23/2041,New Moon,11:36
11/30/2041,First Quarter,13:49
12/7/2041,Full Moon,11:42
12/15/2041,Last Quarter,07:35
12/23/2041,New Moon,02:06
12/29/2041,First Quarter,21:46
1/6/2042,Full Moon,02:54
1/14/2042,Last Quarter,05:26
1/21/2042,New Moon,14:42
1/28/2042,First Quarter,06:49
2/4/2042,Full Moon,19:58
2/13/2042,Last Quarter,01:18
2/20/2042,New Moon,01:40
2/26/2042,First Quarter,17:30
3/6/2042,Full Moon,14:10
3/14/2042,Last Quarter,18:23
3/21/2042,New Moon,12:25
3/28/2042,First Quarter,07:01
4/5/2042,Full Moon,09:17
4/13/2042,Last Quarter,06:10
4/19/2042,New Moon,21:21
4/26/2042,First Quarter,21:20
5/5/2042,Full Moon,01:50
5/12/2042,Last Quarter,14:18
5/19/2042,New Moon,05:57
5/26/2042,First Quarter,13:19
6/3/2042,Full Moon,15:51
6/10/2042,Last Quarter,20:01
6/17/2042,New Moon,14:50
6/25/2042,First Quarter,06:30
7/3/2042,Full Moon,03:12
7/10/2042,Last Quarter,00:40
7/17/2042,New Moon,00:53
7/25/2042,First Quarter,00:02
8/1/2042,Full Moon,12:36
8/8/2042,Last Quarter,05:37
8/15/2042,New Moon,13:02
8/23/2042,First Quarter,16:56
8/30/2042,Full Moon,21:05
9/6/2042,Last Quarter,12:12
9/14/2042,New Moon,03:51
9/22/2042,First Quarter,08:21
9/29/2042,Full Moon,05:36
10/5/2042,Last Quarter,21:37
10/13/2042,New Moon,21:04
10/21/2042,First Quarter,21:54
10/28/2042,Full Moon,14:49
11/4/2042,Last Quarter,09:53
11/12/2042,New Moon,14:29
11/20/2042,First Quarter,08:32
11/27/2042,Full Moon,00:06
12/4/2042,Last Quarter,03:20
12/12/2042,New Moon,08:30
12/19/2042,First Quarter,18:28
12/26/2042,Full Moon,11:43
1/3/2043,Last Quarter,00:09
1/11/2043,New Moon,00:54
1/18/2043,First Quarter,03:05
1/25/2043,Full Moon,00:56
2/1/2043,Last Quarter,22:15
2/9/2043,New Moon,15:08
2/16/2043,First Quarter,11:01
2/23/2043,Full Moon,15:58
3/3/2043,Last Quarter,19:08
3/11/2043,New Moon,04:10
3/17/2043,First Quarter,20:04
3/25/2043,Full Moon,09:26
4/2/2043,Last Quarter,13:57
4/9/2043,New Moon,14:08
4/16/2043,First Quarter,05:09
4/24/2043,Full Moon,02:23
5/2/2043,Last Quarter,04:00
5/8/2043,New Moon,22:22
5/15/2043,First Quarter,16:05
5/23/2043,Full Moon,18:38
5/31/2043,Last Quarter,14:25
6/7/2043,New Moon,05:36
6/14/2043,First Quarter,05:19
6/22/2043,Full Moon,09:22
6/29/2043,Last Quarter,21:54
7/6/2043,New Moon,12:52
7/13/2043,First Quarter,20:46
7/21/2043,Full Moon,22:26
7/29/2043,Last Quarter,03:25
8/4/2043,New Moon,21:24
8/12/2043,First Quarter,13:57
8/20/2043,Full Moon,10:07
8/27/2043,Last Quarter,08:12
9/3/2043,New Moon,08:18
9/11/2043,First Quarter,08:02
9/18/2043,Full Moon,20:49
9/25/2043,Last Quarter,13:43
10/2/2043,New Moon,22:13
10/11/2043,First Quarter,02:07
10/18/2043,Full Moon,06:58
10/24/2043,Last Quarter,21:30
11/1/2043,New Moon,13:59
11/9/2043,First Quarter,18:15
11/16/2043,Full Moon,15:54
11/23/2043,Last Quarter,07:48
12/1/2043,New Moon,08:38
12/9/2043,First Quarter,09:29
12/16/2043,Full Moon,02:03
12/22/2043,Last Quarter,23:06
12/31/2043,New Moon,03:49
1/7/2044,First Quarter,22:02
1/14/2044,Full Moon,12:52
1/21/2044,Last Quarter,17:47
1/29/2044,New Moon,22:05
2/6/2044,First Quarter,07:46
2/13/2044,Full Moon,00:42
2/20/2044,Last Quarter,14:21
2/28/2044,New Moon,14:13
3/6/2044,First Quarter,15:17
3/13/2044,Full Moon,14:41
3/21/2044,Last Quarter,11:54
3/29/2044,New Moon,04:27
4/4/2044,First Quarter,22:45
4/12/2044,Full Moon,04:39
4/20/2044,Last Quarter,06:51
4/27/2044,New Moon,14:43
5/4/2044,First Quarter,05:28
5/11/2044,Full Moon,19:17
5/19/2044,Last Quarter,23:04
5/26/2044,New Moon,22:41
6/2/2044,First Quarter,13:34
6/10/2044,Full Moon,10:17
6/18/2044,Last Quarter,12:02
6/25/2044,New Moon,05:25
7/1/2044,First Quarter,23:49
7/10/2044,Full Moon,01:23
7/17/2044,Last Quarter,21:48
7/24/2044,New Moon,12:12
7/31/2044,First Quarter,12:41
8/8/2044,Full Moon,16:15
8/16/2044,Last Quarter,05:05
8/22/2044,New Moon,20:07
8/30/2044,First Quarter,04:19
9/7/2044,Full Moon,06:26
9/14/2044,Last Quarter,10:59
9/21/2044,New Moon,06:04
9/28/2044,First Quarter,22:31
10/6/2044,Full Moon,19:32
10/13/2044,Last Quarter,16:54
10/20/2044,New Moon,18:37
10/28/2044,First Quarter,18:29
11/5/2044,Full Moon,07:28
11/11/2044,Last Quarter,23:11
11/19/2044,New Moon,08:58
11/27/2044,First Quarter,13:37
12/4/2044,Full Moon,17:35
12/11/2044,Last Quarter,08:54
12/19/2044,New Moon,02:54
12/27/2044,First Quarter,08:00
1/3/2045,Full Moon,04:22
1/9/2045,Last Quarter,21:33
1/17/2045,New Moon,22:26
1/25/2045,First Quarter,23:09
2/1/2045,Full Moon,15:06
2/8/2045,Last Quarter,13:04
2/16/2045,New Moon,17:52
2/24/2045,First Quarter,10:36
3/3/2045,Full Moon,01:53
3/10/2045,Last Quarter,06:52
3/18/2045,New Moon,12:16
3/25/2045,First Quarter,19:56
4/1/2045,Full Moon,13:43
4/9/2045,Last Quarter,02:55
4/17/2045,New Moon,02:29
4/24/2045,First Quarter,02:12
5/1/2045,Full Moon,00:52
5/8/2045,Last Quarter,21:53
5/16/2045,New Moon,13:28
5/23/2045,First Quarter,07:39
5/30/2045,Full Moon,12:53
6/7/2045,Last Quarter,15:25
6/14/2045,New Moon,22:06
6/21/2045,First Quarter,13:30
6/29/2045,Full Moon,02:17
7/7/2045,Last Quarter,06:33
7/14/2045,New Moon,05:30
7/20/2045,First Quarter,20:54
7/28/2045,Full Moon,17:12
8/5/2045,Last Quarter,18:59
8/12/2045,New Moon,12:40
8/19/2045,First Quarter,06:56
8/27/2045,Full Moon,09:09
9/4/2045,Last Quarter,05:05
9/10/2045,New Moon,20:28
9/17/2045,First Quarter,20:31
9/26/2045,Full Moon,01:13
10/3/2045,Last Quarter,13:33
10/10/2045,New Moon,05:37
10/17/2045,First Quarter,13:56
10/25/2045,Full Moon,16:33
11/1/2045,Last Quarter,21:11
11/8/2045,New Moon,15:49
11/16/2045,First Quarter,09:26
11/24/2045,Full Moon,05:45
12/1/2045,Last Quarter,03:48
12/8/2045,New Moon,05:42
12/16/2045,First Quarter,07:08
12/23/2045,Full Moon,18:51
12/30/2045,Last Quarter,12:13
1/6/2046,New Moon,22:26
1/15/2046,First Quarter,03:43
1/22/2046,Full Moon,06:53
1/28/2046,Last Quarter,22:14
2/5/2046,New Moon,17:11
2/13/2046,First Quarter,21:21
2/20/2046,Full Moon,17:45
2/27/2046,Last Quarter,10:25
3/7/2046,New Moon,12:17
3/15/2046,First Quarter,12:13
3/22/2046,Full Moon,04:27
3/29/2046,Last Quarter,01:59
4/6/2046,New Moon,06:53
4/13/2046,First Quarter,22:21
4/20/2046,Full Moon,13:21
4/27/2046,Last Quarter,18:31
5/5/2046,New Moon,21:57
5/13/2046,First Quarter,05:25
5/19/2046,Full Moon,22:15
5/27/2046,Last Quarter,12:07
6/4/2046,New Moon,10:23
6/11/2046,First Quarter,10:28
6/18/2046,Full Moon,08:09
6/26/2046,Last Quarter,05:40
7/3/2046,New Moon,20:39
7/10/2046,First Quarter,14:54
7/17/2046,Full Moon,19:55
7/25/2046,Last Quarter,22:21
8/2/2046,New Moon,05:25
8/8/2046,First Quarter,20:17
8/16/2046,Full Moon,09:51
8/24/2046,Last Quarter,13:38
8/31/2046,New Moon,13:25
9/7/2046,First Quarter,04:08
9/15/2046,Full Moon,01:41
9/23/2046,Last Quarter,03:17
9/29/2046,New Moon,21:26
10/6/2046,First Quarter,15:41
10/14/2046,Full Moon,18:43
10/22/2046,Last Quarter,15:09
10/29/2046,New Moon,06:18
11/5/2046,First Quarter,06:28
11/13/2046,Full Moon,11:06
11/21/2046,Last Quarter,00:12
11/27/2046,New Moon,15:51
12/5/2046,First Quarter,01:56
12/13/2046,Full Moon,03:58
12/20/2046,Last Quarter,08:45
12/27/2046,New Moon,04:41
1/3/2047,First Quarter,23:32
1/11/2047,Full Moon,19:23
1/18/2047,Last Quarter,16:34
1/25/2047,New Moon,19:46
2/2/2047,First Quarter,21:11
2/10/2047,Full Moon,08:42
2/17/2047,Last Quarter,00:45
2/24/2047,New Moon,12:28
3/4/2047,First Quarter,16:54
3/11/2047,Full Moon,20:38
3/18/2047,Last Quarter,11:13
3/26/2047,New Moon,06:46
4/3/2047,First Quarter,10:12
4/10/2047,Full Moon,05:36
4/16/2047,Last Quarter,22:31
4/24/2047,New Moon,23:41
5/2/2047,First Quarter,22:27
5/9/2047,Full Moon,13:25
5/16/2047,Last Quarter,11:46
5/24/2047,New Moon,15:28
6/1/2047,First Quarter,06:54
6/7/2047,Full Moon,21:04
6/15/2047,Last Quarter,02:45
6/23/2047,New Moon,05:36
6/30/2047,First Quarter,12:37
7/7/2047,Full Moon,05:33
7/14/2047,Last Quarter,19:10
7/22/2047,New Moon,17:49
7/29/2047,First Quarter,17:03
8/5/2047,Full Moon,15:38
8/13/2047,Last Quarter,12:36
8/21/2047,New Moon,04:16
8/27/2047,First Quarter,21:50
9/4/2047,Full Moon,03:54
9/12/2047,Last Quarter,06:20
9/19/2047,New Moon,13:31
9/26/2047,First Quarter,04:30
10/3/2047,Full Moon,18:43
10/11/2047,Last Quarter,23:23
10/18/2047,New Moon,22:28
10/25/2047,First Quarter,14:14
11/2/2047,Full Moon,11:59
11/10/2047,Last Quarter,13:40
11/17/2047,New Moon,07:00
11/24/2047,First Quarter,02:41
12/2/2047,Full Moon,05:57
12/10/2047,Last Quarter,02:30
12/16/2047,New Moon,17:40
12/23/2047,First Quarter,19:51
1/1/2048,Full Moon,00:58
1/8/2048,Last Quarter,12:50
1/15/2048,New Moon,05:34
1/22/2048,First Quarter,15:57
1/30/2048,Full Moon,18:16
2/6/2048,Last Quarter,21:17
2/13/2048,New Moon,18:34
2/21/2048,First Quarter,13:24
2/29/2048,Full Moon,08:40
3/7/2048,Last Quarter,04:46
3/14/2048,New Moon,09:30
3/22/2048,First Quarter,11:05
3/29/2048,Full Moon,21:06
4/5/2048,Last Quarter,13:12
4/13/2048,New Moon,00:22
4/21/2048,First Quarter,05:03
4/28/2048,Full Moon,06:15
5/4/2048,Last Quarter,21:24
5/12/2048,New Moon,16:00
5/20/2048,First Quarter,19:17
5/27/2048,Full Moon,13:58
6/3/2048,Last Quarter,07:06
6/11/2048,New Moon,07:51
6/19/2048,First Quarter,05:50
6/25/2048,Full Moon,21:08
7/2/2048,Last Quarter,18:59
7/10/2048,New Moon,23:05
7/18/2048,First Quarter,13:32
7/25/2048,Full Moon,04:34
8/1/2048,Last Quarter,09:32
8/9/2048,New Moon,12:59
8/16/2048,First Quarter,19:33
8/23/2048,Full Moon,13:07
8/31/2048,Last Quarter,02:43
9/8/2048,New Moon,01:24
9/15/2048,First Quarter,01:05
9/21/2048,Full Moon,23:46
9/29/2048,Last Quarter,21:46
10/7/2048,New Moon,12:45
10/14/2048,First Quarter,07:22
10/21/2048,Full Moon,13:25
10/29/2048,Last Quarter,17:15
11/5/2048,New Moon,22:38
11/12/2048,First Quarter,14:31
11/20/2048,Full Moon,05:21
11/28/2048,Last Quarter,10:35
12/5/2048,New Moon,09:31
12/12/2048,First Quarter,01:30
12/20/2048,Full Moon,00:41
12/28/2048,Last Quarter,02:33
1/3/2049,New Moon,20:25
1/10/2049,First Quarter,15:57
1/18/2049,Full Moon,20:30
1/26/2049,Last Quarter,15:34
2/2/2049,New Moon,07:18
2/9/2049,First Quarter,09:39
2/17/2049,Full Moon,14:49
2/25/2049,Last Quarter,01:37
3/3/2049,New Moon,18:14
3/11/2049,First Quarter,05:27
3/19/2049,Full Moon,07:26
3/26/2049,Last Quarter,10:12
4/2/2049,New Moon,06:42
4/10/2049,First Quarter,02:28
4/17/2049,Full Moon,20:07
4/24/2049,Last Quarter,16:13
5/1/2049,New Moon,19:14
5/9/2049,First Quarter,20:59
5/17/2049,Full Moon,06:16
5/23/2049,Last Quarter,21:56
5/31/2049,New Moon,09:03
6/8/2049,First Quarter,12:58
6/15/2049,Full Moon,14:28
6/22/2049,Last Quarter,04:43
6/29/2049,New Moon,23:52
7/8/2049,First Quarter,02:11
7/14/2049,Full Moon,21:30
7/21/2049,Last Quarter,13:50
7/29/2049,New Moon,15:08
8/6/2049,First Quarter,12:52
8/13/2049,Full Moon,04:20
8/20/2049,Last Quarter,02:11
8/28/2049,New Moon,06:18
9/4/2049,First Quarter,21:29
9/11/2049,Full Moon,12:04
9/18/2049,Last Quarter,18:03
9/26/2049,New Moon,21:04
10/4/2049,First Quarter,04:39
10/10/2049,Full Moon,21:52
10/18/2049,Last Quarter,12:55
10/26/2049,New Moon,11:14
11/2/2049,First Quarter,11:20
11/9/2049,Full Moon,09:37
11/17/2049,Last Quarter,08:33
11/24/2049,New Moon,23:35
12/1/2049,First Quarter,17:41
12/9/2049,Full Moon,01:28
12/17/2049,Last Quarter,05:17
12/24/2049,New Moon,11:51
12/31/2049,First Quarter,02:54
1/7/2050,Full Moon,19:40
1/16/2050,Last Quarter,00:20
1/22/2050,New Moon,22:58
1/29/2050,First Quarter,14:49
2/6/2050,Full Moon,14:48
2/14/2050,Last Quarter,16:13
2/21/2050,New Moon,09:05
2/28/2050,First Quarter,05:30
3/8/2050,Full Moon,09:24
3/16/2050,Last Quarter,05:09
3/22/2050,New Moon,19:44
3/29/2050,First Quarter,23:18
4/7/2050,Full Moon,03:14
4/14/2050,Last Quarter,13:25
4/21/2050,New Moon,05:29
4/28/2050,First Quarter,17:09
5/6/2050,Full Moon,17:29
5/13/2050,Last Quarter,19:05
5/20/2050,New Moon,15:54
5/28/2050,First Quarter,11:06
6/5/2050,Full Moon,04:53
6/11/2050,Last Quarter,23:40
6/19/2050,New Moon,03:24
6/27/2050,First Quarter,04:19
7/4/2050,Full Moon,13:53
7/11/2050,Last Quarter,04:47
7/18/2050,New Moon,16:18
7/26/2050,First Quarter,20:07
8/2/2050,Full Moon,21:22
8/9/2050,Last Quarter,11:50
8/17/2050,New Moon,06:48
8/25/2050,First Quarter,09:57
9/1/2050,Full Moon,04:32
9/7/2050,Last Quarter,21:52
9/15/2050,New Moon,22:49
9/23/2050,First Quarter,21:34
9/30/2050,Full Moon,12:32
10/7/2050,Last Quarter,11:33
10/15/2050,New Moon,15:48
10/23/2050,First Quarter,07:11
10/29/2050,Full Moon,22:16
11/6/2050,Last Quarter,03:58
11/14/2050,New Moon,07:41
11/21/2050,First Quarter,14:25
11/28/2050,Full Moon,09:10
12/6/2050,Last Quarter,00:29
12/13/2050,New Moon,23:18
12/20/2050,First Quarter,22:16
12/27/2050,Full Moon,23:16
1/4/2051,Last Quarter,22:31
1/12/2051,New Moon,12:58
1/19/2051,First Quarter,06:39
1/26/2051,Full Moon,15:20
2/3/2051,Last Quarter,19:42
2/11/2051,New Moon,00:42
2/17/2051,First Quarter,16:17
2/25/2051,Full Moon,08:53
3/5/2051,Last Quarter,13:48
3/12/2051,New Moon,11:54
3/19/2051,First Quarter,04:34
3/27/2051,Full Moon,04:00
4/4/2051,Last Quarter,04:42
4/10/2051,New Moon,21:01
4/17/2051,First Quarter,17:39
4/25/2051,Full Moon,21:20
5/3/2051,Last Quarter,14:31
5/10/2051,New Moon,05:30
5/17/2051,First Quarter,08:30
5/25/2051,Full Moon,12:37
6/1/2051,Last Quarter,21:16
6/8/2051,New Moon,13:58
6/16/2051,First Quarter,00:56
6/24/2051,Full Moon,01:16
7/1/2051,Last Quarter,02:16
7/7/2051,New Moon,23:11
7/15/2051,First Quarter,18:22
7/23/2051,Full Moon,11:39
7/30/2051,Last Quarter,06:54
8/6/2051,New Moon,10:06
8/14/2051,First Quarter,11:50
8/21/2051,Full Moon,20:37
8/28/2051,Last Quarter,12:32
9/4/2051,New Moon,23:34
9/13/2051,First Quarter,04:21
9/20/2051,Full Moon,05:14
9/26/2051,Last Quarter,20:24
10/4/2051,New Moon,15:48
10/12/2051,First Quarter,19:13
10/19/2051,Full Moon,14:14
10/26/2051,Last Quarter,07:41
11/3/2051,New Moon,10:00
11/11/2051,First Quarter,07:08
11/17/2051,Full Moon,23:07
11/24/2051,Last Quarter,22:04
12/3/2051,New Moon,03:38
12/10/2051,First Quarter,18:08
12/17/2051,Full Moon,10:06
12/24/2051,Last Quarter,17:23
1/1/2052,New Moon,21:06
1/9/2052,First Quarter,03:28
1/15/2052,Full Moon,22:25
1/23/2052,Last Quarter,15:05
1/31/2052,New Moon,12:31
2/7/2052,First Quarter,11:37
2/14/2052,Full Moon,12:21
2/22/2052,Last Quarter,12:46
3/1/2052,New Moon,01:37
3/7/2052,First Quarter,19:19
3/15/2052,Full Moon,04:55
3/23/2052,Last Quarter,09:11
3/30/2052,New Moon,13:29
4/6/2052,First Quarter,04:30
4/13/2052,Full Moon,21:30
4/22/2052,Last Quarter,01:05
4/28/2052,New Moon,22:22
5/5/2052,First Quarter,14:06
5/13/2052,Full Moon,14:01
5/21/2052,Last Quarter,13:16
5/28/2052,New Moon,05:51
6/4/2052,First Quarter,01:50
6/12/2052,Full Moon,05:29
6/19/2052,Last Quarter,22:12
6/26/2052,New Moon,12:51
7/3/2052,First Quarter,16:00
7/11/2052,Full Moon,19:25
7/19/2052,Last Quarter,04:40
7/25/2052,New Moon,20:32
8/2/2052,First Quarter,08:20
8/10/2052,Full Moon,07:55
8/17/2052,Last Quarter,09:46
8/24/2052,New Moon,06:08
9/1/2052,First Quarter,02:10
9/8/2052,Full Moon,19:18
9/15/2052,Last Quarter,14:50
9/22/2052,New Moon,18:33
9/30/2052,First Quarter,20:37
10/8/2052,Full Moon,05:56
10/14/2052,Last Quarter,21:24
10/22/2052,New Moon,10:04
10/30/2052,First Quarter,14:40
11/6/2052,Full Moon,15:10
11/13/2052,Last Quarter,05:52
11/21/2052,New Moon,03:03
11/29/2052,First Quarter,06:17
12/6/2052,Full Moon,01:19
12/12/2052,Last Quarter,19:08
12/20/2052,New Moon,22:16
12/28/2052,First Quarter,20:28
1/4/2053,Full Moon,11:47
1/11/2053,Last Quarter,12:10
1/19/2053,New Moon,17:13
1/27/2053,First Quarter,07:41
2/2/2053,Full Moon,22:58
2/10/2053,Last Quarter,07:50
2/18/2053,New Moon,10:33
2/25/2053,First Quarter,16:10
3/4/2053,Full Moon,11:10
3/12/2053,Last Quarter,05:23
3/20/2053,New Moon,02:13
3/26/2053,First Quarter,23:51
4/3/2053,Full Moon,01:23
4/11/2053,Last Quarter,01:07
4/18/2053,New Moon,13:50
4/25/2053,First Quarter,06:04
5/2/2053,Full Moon,15:26
5/10/2053,Last Quarter,18:43
5/17/2053,New Moon,22:45
5/24/2053,First Quarter,13:05
6/1/2053,Full Moon,06:03
6/9/2053,Last Quarter,09:22
6/16/2053,New Moon,05:53
6/22/2053,First Quarter,21:56
6/30/2053,Full Moon,21:02
7/8/2053,Last Quarter,20:50
7/15/2053,New Moon,12:28
7/22/2053,First Quarter,09:17
7/30/2053,Full Moon,12:08
8/7/2053,Last Quarter,05:27
8/13/2053,New Moon,19:42
8/20/2053,First Quarter,23:28
8/29/2053,Full Moon,02:55
9/5/2053,Last Quarter,12:06
9/12/2053,New Moon,04:37
9/19/2053,First Quarter,16:30
9/27/2053,Full Moon,16:52
10/4/2053,Last Quarter,18:03
10/11/2053,New Moon,15:54
10/19/2053,First Quarter,11:55
10/27/2053,Full Moon,05:40
11/2/2053,Last Quarter,23:39
11/10/2053,New Moon,04:56
11/18/2053,First Quarter,07:27
11/25/2053,Full Moon,16:23
12/2/2053,Last Quarter,08:06
12/9/2053,New Moon,21:41
12/18/2053,First Quarter,03:12
12/25/2053,Full Moon,03:24
12/31/2053,Last Quarter,19:12
1/8/2054,New Moon,16:35
1/16/2054,First Quarter,20:15
1/23/2054,Full Moon,14:09
1/30/2054,Last Quarter,09:09
2/7/2054,New Moon,12:15
2/15/2054,First Quarter,09:36
2/22/2054,Full Moon,00:47
3/1/2054,Last Quarter,01:38
3/9/2054,New Moon,07:47
3/16/2054,First Quarter,20:21
3/23/2054,Full Moon,12:22
3/30/2054,Last Quarter,20:53
4/7/2054,New Moon,23:35
4/15/2054,First Quarter,03:24
4/21/2054,Full Moon,23:02
4/29/2054,Last Quarter,15:49
5/7/2054,New Moon,12:03
5/14/2054,First Quarter,08:58
5/21/2054,Full Moon,10:16
5/29/2054,Last Quarter,10:05
6/5/2054,New Moon,21:41
6/12/2054,First Quarter,14:18
6/19/2054,Full Moon,22:43
6/28/2054,Last Quarter,02:32
7/5/2054,New Moon,05:35
7/11/2054,First Quarter,20:38
7/19/2054,Full Moon,12:48
7/27/2054,Last Quarter,16:29
8/3/2054,New Moon,12:49
8/10/2054,First Quarter,05:07
8/18/2054,Full Moon,04:23
8/26/2054,Last Quarter,03:58
9/1/2054,New Moon,20:19
9/8/2054,First Quarter,16:48
9/16/2054,Full Moon,20:43
9/24/2054,Last Quarter,13:27
10/1/2054,New Moon,04:50
10/8/2054,First Quarter,08:20
10/16/2054,Full Moon,12:47
10/23/2054,Last Quarter,21:41
10/30/2054,New Moon,15:02
11/7/2054,First Quarter,02:35
11/15/2054,Full Moon,02:51
11/22/2054,Last Quarter,04:25
11/29/2054,New Moon,02:35
12/7/2054,First Quarter,00:07
12/14/2054,Full Moon,16:43
12/21/2054,Last Quarter,12:24
12/28/2054,New Moon,17:54
1/5/2055,First Quarter,21:40
1/13/2055,Full Moon,05:23
1/19/2055,Last Quarter,21:27
1/27/2055,New Moon,11:41
2/4/2055,First Quarter,17:01
2/11/2055,Full Moon,16:50
2/18/2055,Last Quarter,08:16
2/26/2055,New Moon,06:41
3/6/2055,First Quarter,08:48
3/13/2055,Full Moon,02:58
3/19/2055,Last Quarter,22:20
3/28/2055,New Moon,02:03
4/4/2055,First Quarter,21:44
4/11/2055,Full Moon,12:59
4/18/2055,Last Quarter,13:37
4/26/2055,New Moon,18:19
5/4/2055,First Quarter,06:11
5/10/2055,Full Moon,21:32
5/18/2055,Last Quarter,06:31
5/26/2055,New Moon,07:58
6/2/2055,First Quarter,12:02
6/9/2055,Full Moon,06:36
6/17/2055,Last Quarter,00:03
6/24/2055,New Moon,19:16
7/1/2055,First Quarter,16:33
7/8/2055,Full Moon,17:12
7/16/2055,Last Quarter,17:16
7/24/2055,New Moon,04:49
7/30/2055,First Quarter,21:13
8/7/2055,Full Moon,05:58
8/15/2055,Last Quarter,09:29
8/22/2055,New Moon,13:15
8/29/2055,First Quarter,03:37
9/5/2055,Full Moon,20:58
9/14/2055,Last Quarter,00:17
9/20/2055,New Moon,21:20
9/27/2055,First Quarter,13:12
10/5/2055,Full Moon,13:40
10/13/2055,Last Quarter,13:25
10/20/2055,New Moon,05:51
10/27/2055,First Quarter,02:54
11/4/2055,Full Moon,07:14
11/11/2055,Last Quarter,23:40
11/18/2055,New Moon,14:36
11/25/2055,First Quarter,19:42
12/3/2055,Full Moon,23:43
12/11/2055,Last Quarter,09:07
12/18/2055,New Moon,02:18
12/25/2055,First Quarter,16:29
1/2/2056,Full Moon,16:08
1/9/2056,Last Quarter,17:15
1/16/2056,New Moon,16:13
1/24/2056,First Quarter,14:22
2/1/2056,Full Moon,06:38
2/8/2056,Last Quarter,01:03
2/15/2056,New Moon,08:02
2/23/2056,First Quarter,11:13
3/1/2056,Full Moon,18:42
3/8/2056,Last Quarter,09:33
3/16/2056,New Moon,01:54
3/24/2056,First Quarter,06:19
3/31/2056,Full Moon,05:26
4/6/2056,Last Quarter,20:35
4/14/2056,New Moon,18:52
4/22/2056,First Quarter,20:35
4/29/2056,Full Moon,13:32
5/6/2056,Last Quarter,08:31
5/14/2056,New Moon,11:07
5/22/2056,First Quarter,06:51
5/28/2056,Full Moon,20:58
6/4/2056,Last Quarter,22:22
6/13/2056,New Moon,02:05
6/20/2056,First Quarter,13:49
6/27/2056,Full Moon,04:48
7/4/2056,Last Quarter,13:56
7/12/2056,New Moon,15:21
7/19/2056,First Quarter,18:46
7/26/2056,Full Moon,13:55
8/3/2056,Last Quarter,06:55
8/11/2056,New Moon,02:48
8/17/2056,First Quarter,23:15
8/25/2056,Full Moon,01:01
9/2/2056,Last Quarter,00:46
9/9/2056,New Moon,12:48
9/16/2056,First Quarter,04:52
9/23/2056,Full Moon,14:35
10/1/2056,Last Quarter,18:36
10/8/2056,New Moon,22:01
10/15/2056,First Quarter,13:00
10/23/2056,Full Moon,06:48
10/31/2056,Last Quarter,11:14
11/7/2056,New Moon,06:22
11/13/2056,First Quarter,23:35
11/22/2056,Full Moon,00:14
11/30/2056,Last Quarter,00:39
12/6/2056,New Moon,16:33
12/13/2056,First Quarter,14:55
12/21/2056,Full Moon,19:36
12/29/2056,Last Quarter,12:24
1/5/2057,New Moon,03:52
1/12/2057,First Quarter,09:36
1/20/2057,Full Moon,14:04
1/27/2057,Last Quarter,21:45
2/3/2057,New Moon,16:13
2/11/2057,First Quarter,06:28
2/19/2057,Full Moon,06:00
2/26/2057,Last Quarter,05:32
3/5/2057,New Moon,05:28
3/13/2057,First Quarter,04:37
3/20/2057,Full Moon,19:48
3/27/2057,Last Quarter,13:41
4/3/2057,New Moon,20:34
4/12/2057,First Quarter,00:01
4/19/2057,Full Moon,05:52
4/25/2057,Last Quarter,21:08
5/3/2057,New Moon,11:34
5/11/2057,First Quarter,16:08
5/18/2057,Full Moon,14:04
5/25/2057,Last Quarter,05:42
6/2/2057,New Moon,03:13
6/10/2057,First Quarter,04:30
6/16/2057,Full Moon,21:20
6/23/2057,Last Quarter,16:10
7/1/2057,New Moon,18:48
7/9/2057,First Quarter,13:38
7/16/2057,Full Moon,04:29
7/23/2057,Last Quarter,05:11
7/31/2057,New Moon,09:32
8/7/2057,First Quarter,20:31
8/14/2057,Full Moon,12:22
8/21/2057,Last Quarter,21:03
8/29/2057,New Moon,22:54
9/6/2057,First Quarter,02:19
9/12/2057,Full Moon,21:53
9/20/2057,Last Quarter,15:27
9/28/2057,New Moon,11:00
10/5/2057,First Quarter,08:15
10/12/2057,Full Moon,10:01
10/20/2057,Last Quarter,11:10
10/27/2057,New Moon,22:19
11/3/2057,First Quarter,15:26
11/11/2057,Full Moon,00:25
11/19/2057,Last Quarter,05:33
11/26/2057,New Moon,08:23
12/2/2057,First Quarter,23:56
12/10/2057,Full Moon,18:48
12/18/2057,Last Quarter,23:04
12/25/2057,New Moon,19:24
1/1/2058,First Quarter,12:32
1/9/2058,Full Moon,14:41
1/17/2058,Last Quarter,13:45
1/24/2058,New Moon,06:17
1/31/2058,First Quarter,04:31
2/8/2058,Full Moon,09:57
2/16/2058,Last Quarter,01:19
2/22/2058,New Moon,17:00
3/1/2058,First Quarter,23:12
3/10/2058,Full Moon,03:56
3/17/2058,Last Quarter,10:58
3/24/2058,New Moon,04:54
3/31/2058,First Quarter,20:05
4/8/2058,Full Moon,17:59
4/15/2058,Last Quarter,17:30
4/22/2058,New Moon,16:33
4/30/2058,First Quarter,15:19
5/8/2058,Full Moon,05:15
5/14/2058,Last Quarter,23:00
5/22/2058,New Moon,05:26
5/30/2058,First Quarter,08:34
6/6/2058,Full Moon,14:18
6/13/2058,Last Quarter,04:53
6/20/2058,New Moon,19:37
6/28/2058,First Quarter,23:15
7/5/2058,Full Moon,21:48
7/12/2058,Last Quarter,12:30
7/20/2058,New Moon,10:41
7/28/2058,First Quarter,11:21
8/4/2058,Full Moon,04:39
8/10/2058,Last Quarter,23:02
8/19/2058,New Moon,02:04
8/26/2058,First Quarter,21:11
9/2/2058,Full Moon,11:52
9/9/2058,Last Quarter,13:08
9/17/2058,New Moon,17:18
9/25/2058,First Quarter,05:16
10/1/2058,Full Moon,20:36
10/9/2058,Last Quarter,06:42
10/17/2058,New Moon,08:05
10/24/2058,First Quarter,12:17
10/31/2058,Full Moon,07:54
11/8/2058,Last Quarter,01:48
11/15/2058,New Moon,21:09
11/22/2058,First Quarter,18:18
11/29/2058,Full Moon,21:18
12/7/2058,Last Quarter,22:54
12/15/2058,New Moon,10:12
12/22/2058,First Quarter,02:29
12/29/2058,Full Moon,14:27
1/6/2059,Last Quarter,19:10
1/13/2059,New Moon,21:58
1/20/2059,First Quarter,12:52
1/28/2059,Full Moon,09:13
2/5/2059,Last Quarter,12:52
2/12/2059,New Moon,08:29
2/19/2059,First Quarter,01:59
2/27/2059,Full Moon,04:07
3/7/2059,Last Quarter,02:49
3/13/2059,New Moon,19:08
3/20/2059,First Quarter,18:31
3/28/2059,Full Moon,22:49
4/5/2059,Last Quarter,13:48
4/12/2059,New Moon,04:32
4/19/2059,First Quarter,11:38
4/27/2059,Full Moon,14:19
5/4/2059,Last Quarter,20:31
5/11/2059,New Moon,14:18
5/19/2059,First Quarter,05:23
5/27/2059,Full Moon,03:06
6/3/2059,Last Quarter,01:21
6/10/2059,New Moon,00:59
6/17/2059,First Quarter,22:57
6/25/2059,Full Moon,13:15
7/2/2059,Last Quarter,05:55
7/9/2059,New Moon,13:01
7/17/2059,First Quarter,15:37
7/24/2059,Full Moon,21:26
7/31/2059,Last Quarter,11:45
8/8/2059,New Moon,02:39
8/16/2059,First Quarter,06:42
8/23/2059,Full Moon,04:44
8/29/2059,Last Quarter,20:08
9/6/2059,New Moon,18:02
9/14/2059,First Quarter,19:46
9/21/2059,Full Moon,12:21
9/28/2059,Last Quarter,07:56
10/6/2059,New Moon,10:51
10/14/2059,First Quarter,06:40
10/20/2059,Full Moon,21:17
10/27/2059,Last Quarter,23:33
11/5/2059,New Moon,03:12
11/12/2059,First Quarter,14:46
11/19/2059,Full Moon,07:10
11/26/2059,Last Quarter,17:44
12/4/2059,New Moon,19:50
12/11/2059,First Quarter,22:52
12/18/2059,Full Moon,20:12
12/26/2059,Last Quarter,15:21
1/3/2060,New Moon,10:41
1/10/2060,First Quarter,06:54
1/17/2060,Full Moon,11:15
1/25/2060,Last Quarter,13:17
2/1/2060,New Moon,23:24
2/8/2060,First Quarter,15:43
2/16/2060,Full Moon,03:57
2/24/2060,Last Quarter,09:09
3/2/2060,New Moon,10:14
3/9/2060,First Quarter,01:54
3/16/2060,Full Moon,22:42
3/25/2060,Last Quarter,02:10
3/31/2060,New Moon,20:40
4/7/2060,First Quarter,14:44
4/15/2060,Full Moon,16:23
4/23/2060,Last Quarter,13:55
4/30/2060,New Moon,05:13
5/7/2060,First Quarter,04:21
5/15/2060,Full Moon,08:42
5/22/2060,Last Quarter,22:02
5/29/2060,New Moon,13:26
6/5/2060,First Quarter,19:46
6/13/2060,Full Moon,22:40
6/21/2060,Last Quarter,03:45
